Category,URL Today,Final URL
Future Society,https://futurism.com/categories/future-technology,https://futurism.com/category/future-society
Blockchain,https://futurism.com/tags/blockchain,https://futurism.com/category/blockchain
Cryptocurrency,https://futurism.com/tags/cryptocurrency,https://futurism.com/category/cryptocurrency
Bitcoin,https://futurism.com/tags/bitcoin,https://futurism.com/category/bitcoin
Ethereum,https://futurism.com/tags/ethereum,https://futurism.com/category/ethereum
NFTs,https://futurism.com/tags/nfts,https://futurism.com/category/nfts
Finance,https://futurism.com/tags/finance,https://futurism.com/category/finance
Universal Basic Income,https://futurism.com/tags/universal-basic-income,https://futurism.com/category/universal-basic-income
Investing,https://futurism.com/tags/investing,https://futurism.com/category/investing
Virtual Reality,https://futurism.com/tags/virtual-reality,https://futurism.com/category/virtual-reality
Metaverse,https://futurism.com/tags/metaverse,https://futurism.com/category/metaverse
Education,https://futurism.com/tags/education,https://futurism.com/category/education
FCC,https://futurism.com/tags/fcc,https://futurism.com/category/fcc
Art,https://futurism.com/tags/art,https://futurism.com/category/art
Privacy,https://futurism.com/tags/privacy,https://futurism.com/category/privacy
Food,https://futurism.com/tags/food,https://futurism.com/category/food
Cybersecurity,https://futurism.com/tags/cybersecurity,https://futurism.com/category/cybersecurity
Data Privacy,https://futurism.com/tags/data-privacy,https://futurism.com/category/data-privacy
Hacking,https://futurism.com/tags/hacking,https://futurism.com/category/hacking
The Industrialists,No Existing Tag/Category,https://futurism.com/category/the-industrialists
Elon Musk,https://futurism.com/tags/elon-musk,https://futurism.com/category/elon-musk
Jeff Bezos,https://futurism.com/tags/jeff-bezos,https://futurism.com/category/jeff-bezos
Health & Medicine,https://futurism.com/neoscope,https://futurism.com/category/health-medicine
Medical,https://futurism.com/tags/medical,https://futurism.com/category/medical
Cancer,https://futurism.com/tags/cancer,https://futurism.com/category/cancer
RX and Medicine,https://futurism.com/categories/rx-medicines,https://futurism.com/category/rx-medicines
Treatments,https://futurism.com/tags/treatments,https://futurism.com/category/treatments
Pathogens,https://futurism.com/tags/pathogens,https://futurism.com/category/pathogens
Viruses,https://futurism.com/tags/viruses,https://futurism.com/category/viruses
Bacteria,No Existing Tag/Category,https://futurism.com/category/bacteria
Fungi,https://futurism.com/tags/fungi,https://futurism.com/category/fungi
Parasites,https://futurism.com/tags/parasites,https://futurism.com/category/parasites
Genetics,https://futurism.com/tags/genetics,https://futurism.com/category/genetics
DNA,https://futurism.com/tags/dna,https://futurism.com/category/dna
Gene Editing,https://futurism.com/tags/gene-editing,https://futurism.com/category/gene-editing
Brain,https://futurism.com/tags/brain,https://futurism.com/category/brain
Mental Health,https://futurism.com/tags/mental-health,https://futurism.com/category/mental-health
Neuroscience and Brain,https://futurism.com/categories/neuroscience-brain-science,https://futurism.com/category/neuroscience-brain
Brain Implants,https://futurism.com/tags/brain-implants,https://futurism.com/category/brain-implants
Sleep,https://futurism.com/tags/sleep,https://futurism.com/category/sleep
Studies,https://futurism.com/tags/studies,https://futurism.com/category/studies
Prosthetics and Devices,https://futurism.com/categories/devices,https://futurism.com/category/prosthetics-and-devices
Developments,https://futurism.com/categories/developments,https://futurism.com/category/developments
Science & Energy,https://futurism.com/tags/science,https://futurism.com/category/science-energy
Environment,https://futurism.com/tags/environment,https://futurism.com/category/environment
Climate Change,https://futurism.com/tags/climate-change,https://futurism.com/category/climate-change
Global Warming,https://futurism.com/tags/global-warming,https://futurism.com/category/global-warming
Pollution,https://futurism.com/tags/pollution,https://futurism.com/category/pollution
Energy,https://futurism.com/tags/energy,https://futurism.com/category/energy
Fossil Fuels,https://futurism.com/tags/fossil-fuels,https://futurism.com/category/fossil-fuels
Renewable Energy,https://futurism.com/tags/renewable-energy,https://futurism.com/category/renewable-energy
Nuclear Fusion,https://futurism.com/tags/nuclear-fusion,https://futurism.com/category/nuclear-fusion
Solar Power,https://futurism.com/tags/solar-power,https://futurism.com/category/solar-power
Wind,https://futurism.com/tags/wind,https://futurism.com/category/wind
Geothermal,https://futurism.com/tags/geothermal,https://futurism.com/category/geothermal
Agriculture,https://futurism.com/tags/agriculture,https://futurism.com/category/agriculture
Physics,https://futurism.com/tags/physics,https://futurism.com/category/physics
Quantum Physics,https://futurism.com/tags/quantum-physics,https://futurism.com/category/quantum-physics
Biology,https://futurism.com/tags/biology,https://futurism.com/category/biology
Chemistry,https://futurism.com/tags/chemistry,https://futurism.com/category/chemistry
Evolution,https://futurism.com/tags/evolution,https://futurism.com/category/evolution
Military,https://futurism.com/tags/military,https://futurism.com/category/military
DARPA,https://futurism.com/tags/darpa,https://futurism.com/category/darpa
Future Materials,No Existing Tag/Category,https://futurism.com/category/future-materials
Graphene,https://futurism.com/tags/graphene,https://futurism.com/category/graphene
3D Printing,https://futurism.com/tags/3d-printing,https://futurism.com/category/3d-printing
Nanotech,https://futurism.com/tags/nanotech,https://futurism.com/category/nanotech
Artificial Intelligence,https://futurism.com/tags/artificial-intelligence,https://futurism.com/category/artificial-intelligence
OpenAI,https://futurism.com/tags/openai,https://futurism.com/category/openai
Anthropic,https://futurism.com/tags/anthropic,https://futurism.com/category/anthropic
Meta,https://futurism.com/tags/meta,https://futurism.com/category/meta
xAI,https://futurism.com/tags/xai,https://futurism.com/category/xai
Google,https://futurism.com/tags/google,https://futurism.com/category/google
Ethics,https://futurism.com/tags/ethics,https://futurism.com/category/ethics
Machine Learning,https://futurism.com/tags/machine-learning,https://futurism.com/category/machine-learning
Facial recognition,https://futurism.com/tags/facial-recognition,https://futurism.com/category/facial-recognition
Robots and Machines,https://futurism.com/categories/robots-machines,https://futurism.com/category/robots-and-machines
Robotics,https://futurism.com/tags/robotics,https://futurism.com/category/robotics
Boston Dynamics,https://futurism.com/tags/boston-dynamics,https://futurism.com/category/boston-dynamics
Drones,https://futurism.com/tags/drones,https://futurism.com/category/drones
Robot Dogs,https://futurism.com/tags/robot-dogs,https://futurism.com/category/robot-dogs
Computing,https://futurism.com/tags/computing,https://futurism.com/category/computing
Devices,https://futurism.com/tags/devices,https://futurism.com/category/devices
Internet Of Things,https://futurism.com/tags/internet-of-things,https://futurism.com/category/internet-of-things
Computers,https://futurism.com/tags/computers,https://futurism.com/category/computers
Coding,https://futurism.com/tags/coding,https://futurism.com/category/coding
Quantum Computing,https://futurism.com/tags/quantum-computing,https://futurism.com/category/quantum-computing
Advanced Transport,https://futurism.com/tags/advanced-transport,https://futurism.com/category/advanced-transport
Electric Vehicles,https://futurism.com/tags/electric-vehicles,https://futurism.com/category/electric-vehicles
Self-Driving Vehicles,https://futurism.com/tags/self-driving-vehicles,https://futurism.com/category/self-driving-vehicles
Mass Transit,https://futurism.com/tags/mass-transit,https://futurism.com/category/mass-transit
Hyperloop,https://futurism.com/tags/hyperloop,https://futurism.com/category/hyperloop
Tesla,https://futurism.com/tags/tesla,https://futurism.com/category/tesla
Space,https://futurism.com/categories/space,https://futurism.com/category/space
Off-World,https://futurism.com/tags/off-world,https://futurism.com/category/off-world
NASA,https://futurism.com/tags/nasa,https://futurism.com/category/nasa
New Horizons,https://futurism.com/tags/new-horizons,https://futurism.com/category/new-horizons
James Webb Space Telescope,https://futurism.com/tags/james-webb-space-telescope,https://futurism.com/category/james-webb-space-telescope
International Space Station,https://futurism.com/tags/international-space-station,https://futurism.com/category/international-space-station
ESA,https://futurism.com/tags/esa,https://futurism.com/category/esa
SpaceX,https://futurism.com/tags/spacex,https://futurism.com/category/spacex
Falcon,https://futurism.com/tags/falcon,https://futurism.com/category/falcon
Crew Dragon,https://futurism.com/tags/crew-dragon,https://futurism.com/category/crew-dragon
Starship,https://futurism.com/tags/starship,https://futurism.com/category/starship
Blue Origin,https://futurism.com/tags/blue-origin,https://futurism.com/category/blue-origin
Boeing,https://futurism.com/tags/boeing,https://futurism.com/category/boeing
Space Force,https://futurism.com/tags/space-force,https://futurism.com/category/space-force
Astronomy,https://futurism.com/tags/astronomy,https://futurism.com/category/astronomy
Moon,https://futurism.com/tags/moon,https://futurism.com/category/moon
Mars,https://futurism.com/tags/mars,https://futurism.com/category/mars
Exoplanets,https://futurism.com/tags/exoplanets,https://futurism.com/category/exoplanets
Exobiology,https://futurism.com/tags/exobiology,https://futurism.com/category/exobiology
Astrophysics,https://futurism.com/tags/astrophysics,https://futurism.com/category/astrophysics
Gravitational Waves,https://futurism.com/tags/gravitational-waves,https://futurism.com/category/gravitational-waves
Dark Matter,https://futurism.com/tags/dark-matter,https://futurism.com/category/dark-matter
Black Holes,https://futurism.com/tags/black-holes,https://futurism.com/category/black-holes
Big Bang,https://futurism.com/tags/big-bang,https://futurism.com/category/big-bang
From Quarks to Quasars,https://futurism.com/categories/fqtq,https://futurism.com/category/from-quarks-to-quasars